{
    "T-pose_1.jpeg": {
        "left_shoulder": {
            "x": 0.5698732137680054,
            "y": 0.335033118724823,
            "score": 0.6850720047950745
        },
        "right_shoulder": {
            "x": 0.44319313764572144,
            "y": 0.3418956696987152,
            "score": 0.6069997549057007
        },
        "left_elbow": {
            "x": 0.6538675427436829,
            "y": 0.2999410033226013,
            "score": 0.529423713684082
        },
        "right_elbow": {
            "x": 0.3557735085487366,
            "y": 0.3166012763977051,
            "score": 0.6205058097839355
        },
        "left_wrist": {
            "x": 0.7192069292068481,
            "y": 0.24262815713882446,
            "score": 0.7068411111831665
        },
        "right_wrist": {
            "x": 0.2854401469230652,
            "y": 0.2627640664577484,
            "score": 0.7421713471412659
        },
        "left_hip": {
            "x": 0.5407313108444214,
            "y": 0.5373026132583618,
            "score": 0.6064149737358093
        },
        "right_hip": {
            "x": 0.46327751874923706,
            "y": 0.5370215177536011,
            "score": 0.7141226530075073
        },
        "left_knee": {
            "x": 0.5634576082229614,
            "y": 0.6847012042999268,
            "score": 0.5939171314239502
        },
        "right_knee": {
            "x": 0.44009697437286377,
            "y": 0.6876063346862793,
            "score": 0.6621778011322021
        },
        "left_ankle": {
            "x": 0.574266254901886,
            "y": 0.8064785003662109,
            "score": 0.6981509923934937
        },
        "right_ankle": {
            "x": 0.42840027809143066,
            "y": 0.8108943104743958,
            "score": 0.6481735706329346
        }
    },
    "T-Pose_2.jpeg": {
        "left_shoulder": {
            "x": 0.6270116567611694,
            "y": 0.33385998010635376,
            "score": 0.8262426257133484
        },
        "right_shoulder": {
            "x": 0.446837842464447,
            "y": 0.34668445587158203,
            "score": 0.677146852016449
        },
        "left_elbow": {
            "x": 0.719706654548645,
            "y": 0.34000247716903687,
            "score": 0.6752732992172241
        },
        "right_elbow": {
            "x": 0.35844728350639343,
            "y": 0.35300710797309875,
            "score": 0.5962246656417847
        },
        "left_wrist": {
            "x": 0.8335753679275513,
            "y": 0.32343146204948425,
            "score": 0.8997257947921753
        },
        "right_wrist": {
            "x": 0.24372275173664093,
            "y": 0.33272433280944824,
            "score": 0.7793915867805481
        },
        "left_hip": {
            "x": 0.5867599248886108,
            "y": 0.5546931028366089,
            "score": 0.7349535226821899
        },
        "right_hip": {
            "x": 0.5006433129310608,
            "y": 0.5574620366096497,
            "score": 0.7334281802177429
        },
        "left_knee": {
            "x": 0.6196403503417969,
            "y": 0.7053484916687012,
            "score": 0.7128770351409912
        },
        "right_knee": {
            "x": 0.5146514773368835,
            "y": 0.707331657409668,
            "score": 0.8780686259269714
        },
        "left_ankle": {
            "x": 0.6396946907043457,
            "y": 0.84312903881073,
            "score": 0.7484473586082458
        },
        "right_ankle": {
            "x": 0.5331486463546753,
            "y": 0.8323414325714111,
            "score": 0.7939891815185547
        }
    },
    "T-Pose_3.jpeg": {
        "left_shoulder": {
            "x": 0.523661732673645,
            "y": 0.3402855694293976,
            "score": 0.6772866249084473
        },
        "right_shoulder": {
            "x": 0.3844286799430847,
            "y": 0.3361368775367737,
            "score": 0.5683719515800476
        },
        "left_elbow": {
            "x": 0.614173412322998,
            "y": 0.3101893365383148,
            "score": 0.5381609201431274
        },
        "right_elbow": {
            "x": 0.2913518249988556,
            "y": 0.302018940448761,
            "score": 0.5634046196937561
        },
        "left_wrist": {
            "x": 0.7098700404167175,
            "y": 0.26946499943733215,
            "score": 0.7145196199417114
        },
        "right_wrist": {
            "x": 0.20614933967590332,
            "y": 0.24880464375019073,
            "score": 0.6852607727050781
        },
        "left_hip": {
            "x": 0.486147403717041,
            "y": 0.5533668398857117,
            "score": 0.7496286630630493
        },
        "right_hip": {
            "x": 0.4060015082359314,
            "y": 0.5532386302947998,
            "score": 0.6414216756820679
        },
        "left_knee": {
            "x": 0.4856087863445282,
            "y": 0.7072580456733704,
            "score": 0.5829703211784363
        },
        "right_knee": {
            "x": 0.37328436970710754,
            "y": 0.7013930678367615,
            "score": 0.4876154363155365
        },
        "left_ankle": {
            "x": 0.4735059142112732,
            "y": 0.8582515120506287,
            "score": 0.5435140132904053
        },
        "right_ankle": {
            "x": 0.3486727178096771,
            "y": 0.8444129824638367,
            "score": 0.6321197152137756
        }
    }
}