{
    "one_hand_rise_1.jpeg": {
        "left_shoulder": {
            "x": 0.6680434942245483,
            "y": 0.41378048062324524,
            "score": 0.9037949442863464
        },
        "right_shoulder": {
            "x": 0.3993467092514038,
            "y": 0.4114287495613098,
            "score": 0.7987523078918457
        },
        "left_elbow": {
            "x": 0.8223788738250732,
            "y": 0.38815024495124817,
            "score": 0.7911884188652039
        },
        "right_elbow": {
            "x": 0.36018237471580505,
            "y": 0.46768733859062195,
            "score": 0.849062442779541
        },
        "left_wrist": {
            "x": 0.8794545531272888,
            "y": 0.2579861581325531,
            "score": 0.8471459150314331
        },
        "right_wrist": {
            "x": 0.42157265543937683,
            "y": 0.5756911635398865,
            "score": 0.2892308235168457
        },
        "left_hip": {
            "x": 0.5966554880142212,
            "y": 0.8405604362487793,
            "score": 0.7779478430747986
        },
        "right_hip": {
            "x": 0.4321709871292114,
            "y": 0.8399966359138489,
            "score": 0.8531420230865479
        },
        "left_knee": {
            "x": 0.6439542174339294,
            "y": 0.9920690059661865,
            "score": 0.06554653495550156
        },
        "right_knee": {
            "x": 0.43570181727409363,
            "y": 0.9858888387680054,
            "score": 0.043258186429739
        },
        "left_ankle": {
            "x": 0.6228700280189514,
            "y": 0.9968644976615906,
            "score": 0.034970201551914215
        },
        "right_ankle": {
            "x": 0.5873235464096069,
            "y": 1.0065394639968872,
            "score": 0.03052099607884884
        }
    },
    "one_hand_rise_2.jpeg": {
        "left_shoulder": {
            "x": 0.6027764678001404,
            "y": 0.5888839960098267,
            "score": 0.7013916969299316
        },
        "right_shoulder": {
            "x": 0.32529762387275696,
            "y": 0.5583706498146057,
            "score": 0.7930774092674255
        },
        "left_elbow": {
            "x": 0.6548376083374023,
            "y": 0.8127864003181458,
            "score": 0.4565916657447815
        },
        "right_elbow": {
            "x": 0.07936686277389526,
            "y": 0.5416537523269653,
            "score": 0.902452290058136
        },
        "left_wrist": {
            "x": 0.6767765283584595,
            "y": 0.9688954949378967,
            "score": 0.4634484052658081
        },
        "right_wrist": {
            "x": 0.1742655634880066,
            "y": 0.3365097939968109,
            "score": 0.7730447053909302
        },
        "left_hip": {
            "x": 0.5638635754585266,
            "y": 0.9899743795394897,
            "score": 0.4180441200733185
        },
        "right_hip": {
            "x": 0.38605180382728577,
            "y": 0.9904183745384216,
            "score": 0.3894534409046173
        },
        "left_knee": {
            "x": 0.6625286340713501,
            "y": 0.825107753276825,
            "score": 0.00848318450152874
        },
        "right_knee": {
            "x": 0.33619585633277893,
            "y": 0.8610830903053284,
            "score": 0.004368526395410299
        },
        "left_ankle": {
            "x": 0.6643527746200562,
            "y": 1.0029975175857544,
            "score": 0.029368843883275986
        },
        "right_ankle": {
            "x": 0.1691937893629074,
            "y": 0.34654295444488525,
            "score": 0.04821509122848511
        }
    },
    "one_hand_rise_3.jpeg": {
        "left_shoulder": {
            "x": 0.6321282982826233,
            "y": 0.4747098684310913,
            "score": 0.7690895795822144
        },
        "right_shoulder": {
            "x": 0.4227834939956665,
            "y": 0.5308608412742615,
            "score": 0.7676339149475098
        },
        "left_elbow": {
            "x": 0.8049002885818481,
            "y": 0.40315812826156616,
            "score": 0.7711284160614014
        },
        "right_elbow": {
            "x": 0.4707569479942322,
            "y": 0.7167600393295288,
            "score": 0.30331307649612427
        },
        "left_wrist": {
            "x": 0.8954755663871765,
            "y": 0.25842273235321045,
            "score": 0.8966003656387329
        },
        "right_wrist": {
            "x": 0.4361048936843872,
            "y": 0.936356246471405,
            "score": 0.19293469190597534
        },
        "left_hip": {
            "x": 0.5806007981300354,
            "y": 0.9615945816040039,
            "score": 0.7066090106964111
        },
        "right_hip": {
            "x": 0.424179345369339,
            "y": 0.9627487659454346,
            "score": 0.5392681360244751
        },
        "left_knee": {
            "x": 0.6074849367141724,
            "y": 0.9947494268417358,
            "score": 0.03632720187306404
        },
        "right_knee": {
            "x": 0.4234538972377777,
            "y": 0.9955480098724365,
            "score": 0.08356931060552597
        },
        "left_ankle": {
            "x": 0.4960966408252716,
            "y": 1.0177537202835083,
            "score": 0.028117436915636063
        },
        "right_ankle": {
            "x": 0.44391047954559326,
            "y": 1.0119622945785522,
            "score": 0.04503500089049339
        }
    }
}