{
    "Crossed_Arms_1.jpeg": {
        "left_shoulder": {
            "x": 0.6760345101356506,
            "y": 0.39485540986061096,
            "score": 0.7589278221130371
        },
        "right_shoulder": {
            "x": 0.3082887530326843,
            "y": 0.42133620381355286,
            "score": 0.8634122014045715
        },
        "left_elbow": {
            "x": 0.7312144637107849,
            "y": 0.6302237510681152,
            "score": 0.6056355237960815
        },
        "right_elbow": {
            "x": 0.297407865524292,
            "y": 0.647358775138855,
            "score": 0.7823826670646667
        },
        "left_wrist": {
            "x": 0.45075806975364685,
            "y": 0.5393202304840088,
            "score": 0.48906129598617554
        },
        "right_wrist": {
            "x": 0.5875264406204224,
            "y": 0.6116744875907898,
            "score": 0.33752936124801636
        },
        "left_hip": {
            "x": 0.6395910978317261,
            "y": 0.9382058382034302,
            "score": 0.39180201292037964
        },
        "right_hip": {
            "x": 0.3861162066459656,
            "y": 0.9621509909629822,
            "score": 0.5769670009613037
        },
        "left_knee": {
            "x": 0.6843780875205994,
            "y": 0.9900239109992981,
            "score": 0.03737415000796318
        },
        "right_knee": {
            "x": 0.3572249412536621,
            "y": 0.983932614326477,
            "score": 0.00868193432688713
        },
        "left_ankle": {
            "x": 0.6741209030151367,
            "y": 1.0237312316894531,
            "score": 0.016766786575317383
        },
        "right_ankle": {
            "x": 0.5621134638786316,
            "y": 1.0131542682647705,
            "score": 0.011204445734620094
        }
    },
    "Crossed_Arms_2.jpeg": {
        "left_shoulder": {
            "x": 0.7805212140083313,
            "y": 0.5413099527359009,
            "score": 0.6909745931625366
        },
        "right_shoulder": {
            "x": 0.268634170293808,
            "y": 0.5477132201194763,
            "score": 0.8373124003410339
        },
        "left_elbow": {
            "x": 0.6655099987983704,
            "y": 0.84186851978302,
            "score": 0.6363817453384399
        },
        "right_elbow": {
            "x": 0.13170257210731506,
            "y": 0.8686116933822632,
            "score": 0.7171323895454407
        },
        "left_wrist": {
            "x": 0.33831891417503357,
            "y": 0.7254577875137329,
            "score": 0.6913579702377319
        },
        "right_wrist": {
            "x": 0.48989319801330566,
            "y": 0.8827606439590454,
            "score": 0.6888459324836731
        },
        "left_hip": {
            "x": 0.6379075050354004,
            "y": 0.9957845211029053,
            "score": 0.302946537733078
        },
        "right_hip": {
            "x": 0.3533952236175537,
            "y": 0.9850356578826904,
            "score": 0.2050493359565735
        },
        "left_knee": {
            "x": 0.7217567563056946,
            "y": 0.815529465675354,
            "score": 0.04029504209756851
        },
        "right_knee": {
            "x": 0.15311844646930695,
            "y": 0.8725162148475647,
            "score": 0.02851056307554245
        },
        "left_ankle": {
            "x": 0.5798322558403015,
            "y": 1.0129424333572388,
            "score": 0.032148756086826324
        },
        "right_ankle": {
            "x": 0.5303547978401184,
            "y": 0.9256880283355713,
            "score": 0.061864662915468216
        }
    },
    "Crossed_Arms_3.jpeg": {
        "left_shoulder": {
            "x": 0.7267410755157471,
            "y": 0.46819496154785156,
            "score": 0.9047098159790039
        },
        "right_shoulder": {
            "x": 0.29559212923049927,
            "y": 0.4754202365875244,
            "score": 0.9555215835571289
        },
        "left_elbow": {
            "x": 0.7016099691390991,
            "y": 0.8136510252952576,
            "score": 0.8426139950752258
        },
        "right_elbow": {
            "x": 0.2618519067764282,
            "y": 0.8316879272460938,
            "score": 0.8736703395843506
        },
        "left_wrist": {
            "x": 0.37544238567352295,
            "y": 0.7177125811576843,
            "score": 0.7979671359062195
        },
        "right_wrist": {
            "x": 0.5715848207473755,
            "y": 0.7657874822616577,
            "score": 0.5112683176994324
        },
        "left_hip": {
            "x": 0.6236967444419861,
            "y": 0.9993751645088196,
            "score": 0.3644050061702728
        },
        "right_hip": {
            "x": 0.37213626503944397,
            "y": 0.9835846424102783,
            "score": 0.48572495579719543
        },
        "left_knee": {
            "x": 0.6876904368400574,
            "y": 0.834882915019989,
            "score": 0.13477294147014618
        },
        "right_knee": {
            "x": 0.28343239426612854,
            "y": 0.48860108852386475,
            "score": 0.10656724870204926
        },
        "left_ankle": {
            "x": 0.007130511570721865,
            "y": 1.0263274908065796,
            "score": 0.008024866692721844
        },
        "right_ankle": {
            "x": 0.6032375693321228,
            "y": 0.8949881196022034,
            "score": 0.0056273858062922955
        }
    }
}