{
    "Forward_hand_1.jpeg": {
        "left_shoulder": {
            "x": 0.5455487370491028,
            "y": 0.44620874524116516,
            "score": 0.7670947909355164
        },
        "right_shoulder": {
            "x": 0.3230867385864258,
            "y": 0.45291513204574585,
            "score": 0.625171422958374
        },
        "left_elbow": {
            "x": 0.6829452514648438,
            "y": 0.44813093543052673,
            "score": 0.7537546157836914
        },
        "right_elbow": {
            "x": 0.27317318320274353,
            "y": 0.46530085802078247,
            "score": 0.6526867151260376
        },
        "left_wrist": {
            "x": 0.8213028311729431,
            "y": 0.4313421845436096,
            "score": 0.7670146226882935
        },
        "right_wrist": {
            "x": 0.2088056206703186,
            "y": 0.41006746888160706,
            "score": 0.6990715265274048
        },
        "left_hip": {
            "x": 0.5137584805488586,
            "y": 0.9269852042198181,
            "score": 0.6954736709594727
        },
        "right_hip": {
            "x": 0.33225497603416443,
            "y": 0.9441623687744141,
            "score": 0.6890639066696167
        },
        "left_knee": {
            "x": 0.537693202495575,
            "y": 0.9929129481315613,
            "score": 0.043942540884017944
        },
        "right_knee": {
            "x": 0.3132424056529999,
            "y": 0.9831179976463318,
            "score": 0.01957116462290287
        },
        "left_ankle": {
            "x": 0.521018922328949,
            "y": 1.0528030395507812,
            "score": 0.015317410230636597
        },
        "right_ankle": {
            "x": 0.39017242193222046,
            "y": 1.0470458269119263,
            "score": 0.009340503253042698
        }
    },
    "Forward_hand_2.jpeg": {
        "left_shoulder": {
            "x": 0.6169560551643372,
            "y": 0.3913702368736267,
            "score": 0.6367196440696716
        },
        "right_shoulder": {
            "x": 0.3761506974697113,
            "y": 0.4014347493648529,
            "score": 0.8092665672302246
        },
        "left_elbow": {
            "x": 0.6955863833427429,
            "y": 0.4155201315879822,
            "score": 0.5268929600715637
        },
        "right_elbow": {
            "x": 0.3200687766075134,
            "y": 0.4186416268348694,
            "score": 0.45918551087379456
        },
        "left_wrist": {
            "x": 0.7280340790748596,
            "y": 0.3782883882522583,
            "score": 0.49078601598739624
        },
        "right_wrist": {
            "x": 0.282926470041275,
            "y": 0.39100176095962524,
            "score": 0.21781207621097565
        },
        "left_hip": {
            "x": 0.609550416469574,
            "y": 0.933604896068573,
            "score": 0.7386792302131653
        },
        "right_hip": {
            "x": 0.3985207676887512,
            "y": 0.939275324344635,
            "score": 0.7448406219482422
        },
        "left_knee": {
            "x": 0.629315972328186,
            "y": 0.9926772713661194,
            "score": 0.0380760096013546
        },
        "right_knee": {
            "x": 0.3772772252559662,
            "y": 0.9861798882484436,
            "score": 0.014026458375155926
        },
        "left_ankle": {
            "x": 0.6269140243530273,
            "y": 1.0421162843704224,
            "score": 0.0176200270652771
        },
        "right_ankle": {
            "x": 0.5235386490821838,
            "y": 1.0443741083145142,
            "score": 0.009713800624012947
        }
    },
    "Forward_hand_3.jpeg": {
        "left_shoulder": {
            "x": 0.6602838635444641,
            "y": 0.4549199640750885,
            "score": 0.841661810874939
        },
        "right_shoulder": {
            "x": 0.3766533434391022,
            "y": 0.447958379983902,
            "score": 0.8424392938613892
        },
        "left_elbow": {
            "x": 0.7080894708633423,
            "y": 0.5167257189750671,
            "score": 0.4696579873561859
        },
        "right_elbow": {
            "x": 0.30445563793182373,
            "y": 0.4998215436935425,
            "score": 0.37603047490119934
        },
        "left_wrist": {
            "x": 0.7557628750801086,
            "y": 0.5115724205970764,
            "score": 0.4428613483905792
        },
        "right_wrist": {
            "x": 0.2642616331577301,
            "y": 0.5082867741584778,
            "score": 0.3875095844268799
        },
        "left_hip": {
            "x": 0.6155926585197449,
            "y": 0.9874355792999268,
            "score": 0.5793993473052979
        },
        "right_hip": {
            "x": 0.3944878578186035,
            "y": 0.9826529622077942,
            "score": 0.5184955596923828
        },
        "left_knee": {
            "x": 0.6442930698394775,
            "y": 0.992151141166687,
            "score": 0.019246455281972885
        },
        "right_knee": {
            "x": 0.3502930700778961,
            "y": 0.5034321546554565,
            "score": 0.025413118302822113
        },
        "left_ankle": {
            "x": 0.7479053139686584,
            "y": 0.5109951496124268,
            "score": 0.023446984589099884
        },
        "right_ankle": {
            "x": 0.6324745416641235,
            "y": 0.9723077416419983,
            "score": 0.006187812425196171
        }
    },
    "Forward_hand_4.jpeg": {
        "left_shoulder": {
            "x": 0.6555532813072205,
            "y": 0.3540221154689789,
            "score": 0.7290443181991577
        },
        "right_shoulder": {
            "x": 0.353392094373703,
            "y": 0.35501527786254883,
            "score": 0.6340774893760681
        },
        "left_elbow": {
            "x": 0.7896794080734253,
            "y": 0.39915263652801514,
            "score": 0.4976560175418854
        },
        "right_elbow": {
            "x": 0.23278041183948517,
            "y": 0.4057123363018036,
            "score": 0.6259132623672485
        },
        "left_wrist": {
            "x": 0.856827974319458,
            "y": 0.37359681725502014,
            "score": 0.40564990043640137
        },
        "right_wrist": {
            "x": 0.17185775935649872,
            "y": 0.3777128756046295,
            "score": 0.25000789761543274
        },
        "left_hip": {
            "x": 0.6028938293457031,
            "y": 0.9050924777984619,
            "score": 0.7201632857322693
        },
        "right_hip": {
            "x": 0.3947846293449402,
            "y": 0.8963800072669983,
            "score": 0.7149742841720581
        },
        "left_knee": {
            "x": 0.6219704747200012,
            "y": 0.990967333316803,
            "score": 0.048068054020404816
        },
        "right_knee": {
            "x": 0.4048994481563568,
            "y": 0.983598530292511,
            "score": 0.031684454530477524
        },
        "left_ankle": {
            "x": 0.6216347217559814,
            "y": 1.044503092765808,
            "score": 0.019346067681908607
        },
        "right_ankle": {
            "x": 0.41180381178855896,
            "y": 1.0009266138076782,
            "score": 0.01933266408741474
        }
    }
}