{
    "Biceps_1.jpeg": {
        "left_shoulder": {
            "x": 0.666744589805603,
            "y": 0.34452322125434875,
            "score": 0.8246764540672302
        },
        "right_shoulder": {
            "x": 0.37159621715545654,
            "y": 0.35619643330574036,
            "score": 0.8522577285766602
        },
        "left_elbow": {
            "x": 0.8533470630645752,
            "y": 0.3420674800872803,
            "score": 0.8818908333778381
        },
        "right_elbow": {
            "x": 0.18268141150474548,
            "y": 0.3719196021556854,
            "score": 0.7565996050834656
        },
        "left_wrist": {
            "x": 0.7604859471321106,
            "y": 0.13753467798233032,
            "score": 0.8749709725379944
        },
        "right_wrist": {
            "x": 0.2627171576023102,
            "y": 0.1576693207025528,
            "score": 0.8589282035827637
        },
        "left_hip": {
            "x": 0.6020723581314087,
            "y": 0.9242434501647949,
            "score": 0.8368805646896362
        },
        "right_hip": {
            "x": 0.4274201989173889,
            "y": 0.9285173416137695,
            "score": 0.8211089372634888
        },
        "left_knee": {
            "x": 0.6162732243537903,
            "y": 0.9905784130096436,
            "score": 0.04230786859989166
        },
        "right_knee": {
            "x": 0.4161325693130493,
            "y": 0.981653094291687,
            "score": 0.032495610415935516
        },
        "left_ankle": {
            "x": 0.45719704031944275,
            "y": 0.945810854434967,
            "score": 0.008913685567677021
        },
        "right_ankle": {
            "x": 0.5960296392440796,
            "y": 0.993903398513794,
            "score": 0.03517921641469002
        }
    },
    "Biceps_2.jpeg": {
        "left_shoulder": {
            "x": 0.7064363360404968,
            "y": 0.3789070248603821,
            "score": 0.8839206099510193
        },
        "right_shoulder": {
            "x": 0.29022344946861267,
            "y": 0.39171740412712097,
            "score": 0.8948880434036255
        },
        "left_elbow": {
            "x": 0.9320761561393738,
            "y": 0.5646287202835083,
            "score": 0.7737101912498474
        },
        "right_elbow": {
            "x": 0.04092170298099518,
            "y": 0.588334321975708,
            "score": 0.9002739787101746
        },
        "left_wrist": {
            "x": 0.8109192848205566,
            "y": 0.3178562819957733,
            "score": 0.7822952270507812
        },
        "right_wrist": {
            "x": 0.16397379338741302,
            "y": 0.3300274908542633,
            "score": 0.736271858215332
        },
        "left_hip": {
            "x": 0.6161161065101624,
            "y": 0.9804468154907227,
            "score": 0.6639423370361328
        },
        "right_hip": {
            "x": 0.3719472289085388,
            "y": 0.9700720906257629,
            "score": 0.6245967149734497
        },
        "left_knee": {
            "x": 0.6467605829238892,
            "y": 0.9879227876663208,
            "score": 0.038230739533901215
        },
        "right_knee": {
            "x": 0.1829141527414322,
            "y": 0.9366679787635803,
            "score": 0.007704154122620821
        },
        "left_ankle": {
            "x": 0.4772703945636749,
            "y": 1.0207850933074951,
            "score": 0.006486713886260986
        },
        "right_ankle": {
            "x": 0.47490331530570984,
            "y": 1.0155264139175415,
            "score": 0.0141573091968894
        }
    },
    "Biceps_3.jpeg": {
        "left_shoulder": {
            "x": 0.699000895023346,
            "y": 0.4447159171104431,
            "score": 0.8152077198028564
        },
        "right_shoulder": {
            "x": 0.29018738865852356,
            "y": 0.44597962498664856,
            "score": 0.8552187085151672
        },
        "left_elbow": {
            "x": 0.9694539308547974,
            "y": 0.5117737054824829,
            "score": 0.9136397242546082
        },
        "right_elbow": {
            "x": 0.014344374649226665,
            "y": 0.5312818884849548,
            "score": 0.9107196927070618
        },
        "left_wrist": {
            "x": 0.8370486497879028,
            "y": 0.25730180740356445,
            "score": 0.9574223756790161
        },
        "right_wrist": {
            "x": 0.16463603079319,
            "y": 0.25841909646987915,
            "score": 0.7637320756912231
        },
        "left_hip": {
            "x": 0.5997087359428406,
            "y": 1.0033689737319946,
            "score": 0.4797419309616089
        },
        "right_hip": {
            "x": 0.35154154896736145,
            "y": 0.9780385494232178,
            "score": 0.41024166345596313
        },
        "left_knee": {
            "x": 0.6024984121322632,
            "y": 0.9831953644752502,
            "score": 0.1025366336107254
        },
        "right_knee": {
            "x": 0.280390202999115,
            "y": 0.45603784918785095,
            "score": 0.08160849660634995
        },
        "left_ankle": {
            "x": 0.37505462765693665,
            "y": 1.0046459436416626,
            "score": 0.1304599940776825
        },
        "right_ankle": {
            "x": 0.3682954013347626,
            "y": 0.9862509369850159,
            "score": 0.1341622769832611
        }
    },
    "Biceps_4.jpeg": {
        "left_shoulder": {
            "x": 0.26126542687416077,
            "y": 0.589827835559845,
            "score": 0.6916444301605225
        },
        "right_shoulder": {
            "x": 0.7134739756584167,
            "y": 0.5821642279624939,
            "score": 0.7147431373596191
        },
        "left_elbow": {
            "x": 0.03964690491557121,
            "y": 0.5609738230705261,
            "score": 0.5830342769622803
        },
        "right_elbow": {
            "x": 0.964219868183136,
            "y": 0.5689297914505005,
            "score": 0.7278115749359131
        },
        "left_wrist": {
            "x": 0.19053372740745544,
            "y": 0.348563015460968,
            "score": 0.813446044921875
        },
        "right_wrist": {
            "x": 0.8067699670791626,
            "y": 0.33901071548461914,
            "score": 0.7986516952514648
        },
        "left_hip": {
            "x": 0.38869431614875793,
            "y": 1.0067499876022339,
            "score": 0.1889549344778061
        },
        "right_hip": {
            "x": 0.592203676700592,
            "y": 0.9915180206298828,
            "score": 0.30789223313331604
        },
        "left_knee": {
            "x": 0.3734152019023895,
            "y": 0.8705978989601135,
            "score": 0.11720191687345505
        },
        "right_knee": {
            "x": 0.8268450498580933,
            "y": 0.6020227074623108,
            "score": 0.05056500807404518
        },
        "left_ankle": {
            "x": 0.4038555324077606,
            "y": 1.01408052444458,
            "score": 0.06324388086795807
        },
        "right_ankle": {
            "x": 0.9316056966781616,
            "y": 0.5931989550590515,
            "score": 0.0524514764547348
        }
    }
}