{
    "Handsup_1.jpeg": {
        "left_shoulder": {
            "x": 0.3702463209629059,
            "y": 0.5180468559265137,
            "score": 0.7524721622467041
        },
        "right_shoulder": {
            "x": 0.6264938116073608,
            "y": 0.5219669342041016,
            "score": 0.7102627158164978
        },
        "left_elbow": {
            "x": 0.21102768182754517,
            "y": 0.3551015853881836,
            "score": 0.38355034589767456
        },
        "right_elbow": {
            "x": 0.7041515707969666,
            "y": 0.41543805599212646,
            "score": 0.17104491591453552
        },
        "left_wrist": {
            "x": 0.42815572023391724,
            "y": 0.3190293610095978,
            "score": 0.04827991873025894
        },
        "right_wrist": {
            "x": 0.7901492714881897,
            "y": 0.32164573669433594,
            "score": 0.28805357217788696
        },
        "left_hip": {
            "x": 0.4078674912452698,
            "y": 0.9882362484931946,
            "score": 0.669757604598999
        },
        "right_hip": {
            "x": 0.5902151465415955,
            "y": 0.9770268201828003,
            "score": 0.5240514874458313
        },
        "left_knee": {
            "x": 0.3947102725505829,
            "y": 0.8747753500938416,
            "score": 0.01946234330534935
        },
        "right_knee": {
            "x": 0.6069700121879578,
            "y": 0.9838957786560059,
            "score": 0.0338161438703537
        },
        "left_ankle": {
            "x": 0.372643381357193,
            "y": 1.0462820529937744,
            "score": 0.017208129167556763
        },
        "right_ankle": {
            "x": 0.626227617263794,
            "y": 1.0362699031829834,
            "score": 0.008977482095360756
        }
    },
    "Handsup_2.jpeg": {
        "left_shoulder": {
            "x": 0.3867866098880768,
            "y": 0.49056437611579895,
            "score": 0.6659567356109619
        },
        "right_shoulder": {
            "x": 0.6186836361885071,
            "y": 0.4798740744590759,
            "score": 0.7089009284973145
        },
        "left_elbow": {
            "x": 0.27172601222991943,
            "y": 0.3417796492576599,
            "score": 0.7657809853553772
        },
        "right_elbow": {
            "x": 0.716285765171051,
            "y": 0.32435342669487,
            "score": 0.8446881175041199
        },
        "left_wrist": {
            "x": 0.20474007725715637,
            "y": 0.19647502899169922,
            "score": 0.8150546550750732
        },
        "right_wrist": {
            "x": 0.7886031866073608,
            "y": 0.1684327870607376,
            "score": 0.7588157653808594
        },
        "left_hip": {
            "x": 0.43291741609573364,
            "y": 0.8742706179618835,
            "score": 0.5749772787094116
        },
        "right_hip": {
            "x": 0.58921217918396,
            "y": 0.8687744736671448,
            "score": 0.699318528175354
        },
        "left_knee": {
            "x": 0.41832438111305237,
            "y": 0.9983947277069092,
            "score": 0.030591078102588654
        },
        "right_knee": {
            "x": 0.600957453250885,
            "y": 0.9335325360298157,
            "score": 0.022601360455155373
        },
        "left_ankle": {
            "x": 0.4335648715496063,
            "y": 1.0297331809997559,
            "score": 0.00809009000658989
        },
        "right_ankle": {
            "x": 0.7783670425415039,
            "y": 1.0168133974075317,
            "score": 0.007210627663880587
        }
    },
    "Handsup_3.jpeg": {
        "left_shoulder": {
            "x": 0.6434667110443115,
            "y": 0.5804303884506226,
            "score": 0.7331924438476562
        },
        "right_shoulder": {
            "x": 0.3575080335140228,
            "y": 0.5771061778068542,
            "score": 0.7856796979904175
        },
        "left_elbow": {
            "x": 0.7973214983940125,
            "y": 0.41109949350357056,
            "score": 0.7759392857551575
        },
        "right_elbow": {
            "x": 0.19529086351394653,
            "y": 0.4127039909362793,
            "score": 0.8020884394645691
        },
        "left_wrist": {
            "x": 0.8579302430152893,
            "y": 0.1930147260427475,
            "score": 0.947293758392334
        },
        "right_wrist": {
            "x": 0.12845969200134277,
            "y": 0.22163371741771698,
            "score": 0.7054121494293213
        },
        "left_hip": {
            "x": 0.5750221014022827,
            "y": 1.0053691864013672,
            "score": 0.370770126581192
        },
        "right_hip": {
            "x": 0.37214428186416626,
            "y": 0.9936580061912537,
            "score": 0.2733666002750397
        },
        "left_knee": {
            "x": 0.6697503328323364,
            "y": 0.5861452221870422,
            "score": 0.009357782080769539
        },
        "right_knee": {
            "x": 0.48406070470809937,
            "y": 0.13652150332927704,
            "score": 0.0036968865897506475
        },
        "left_ankle": {
            "x": 0.8603150844573975,
            "y": 0.19172081351280212,
            "score": 0.05113730952143669
        },
        "right_ankle": {
            "x": 0.12753643095493317,
            "y": 0.22466379404067993,
            "score": 0.032373931258916855
        }
    }
}